<InstallationInformation>
<CommonValue>
	<AzureCloudURL value= ""/>
	<ManagerFilePath value= ""/>
	<AgentFilePath value= ""/>
</CommonValue>
<ControlValue>
	<ControlServerHost value= ""/>
	<ControlServerPassword value= ""/> 
	<SQLAzureDBServer value= ""/>
	<SQLAzureDBName value= ""/>
	<SQLAzureDBUserName value= ""/>
	<SQLAzureDBPassword value= ""/>
</ControlValue>
<MediaValue>
	<MediaServerHost value= ""/>
	<MediaServerPassword value= ""/>    
</MediaValue>
<AgentValue>
	<AgentServerHost value= ""/>
	<AgentServerPassword value= ""/>  
</AgentValue>
</InstallationInformation>